Departamento,avg_pm10,avg_pm25,max_pm10,min_pm10,n_muestras,tasa_excede_pm10
Bogotá D.C.,52.89497507477567,27.778514456630123,108.69,8.43,1003,0.7038883349950149
Valle del Cauca,51.72354709418838,27.37009018036072,105.02,7.38,998,0.6593186372745491
Cundinamarca,36.472914171656676,19.2337624750499,87.57,5.0,1002,0.27644710578842313
Norte de Santander,36.30753814852492,19.09619532044761,83.29,5.0,983,0.2736520854526958
Bolívar,35.70948640483384,18.736998992950653,77.89,5.0,993,0.2769385699899295
Boyacá,35.36650465356774,18.66669079627714,76.63,5.0,967,0.2678386763185109
Antioquia,35.024287138584256,18.243250249252245,78.65,5.0,1003,0.24426719840478564
Atlántico,34.86334698055271,18.3514329580348,87.42,5.0,977,0.25281473899692936
Santander,34.51230916030535,18.162910305343516,75.99,5.0,1048,0.21946564885496184
Huila,34.30658869395711,18.1366179337232,85.01,5.0,1026,0.22417153996101363
